old_path,new_path,category,title,ocr_preview
/workspaces/CERT/dump-/final_sorted_ocr/certificates/images/150_9001_2015_certified_e_learning_1.png,/workspaces/CERT/dump-/final_sorted_ocr/certificates/images/150_9001_2015_certified_e_learning_platform_by.png,certificates,150_9001_2015_certified_e_learning_platform_by,150 9001:2015 Certified E- Learning Platform by Learn More Pro Cerificate Number : SQ21TO1  This is to certify that  Nagabhushana Raju S  Has Successfully Completed The E-Learning Course Of 30-Days Power BI Micro Course 
/workspaces/CERT/dump-/final_sorted_ocr/certificates/images/advanced_statistics_for_machin_q_1.png,/workspaces/CERT/dump-/final_sorted_ocr/resume/images/advanced_statistics_for_machin_q.png,resume,advanced_statistics_for_machin_q,€ Advanced Statistics for Machin... [Q @&  Infosys  Navigate your next  COURSE COMPLETION CERTIFICATE  The certificate is awarded to  Nagabhushana Raju S  for successfully completing the course Advanced Statistics for Ma
/workspaces/CERT/dump-/final_sorted_ocr/certificates/images/al_fundamentals_1.png,/workspaces/CERT/dump-/final_sorted_ocr/certificates/images/al_fundamentals.png,certificates,al_fundamentals,"Al Fundamentals  Al for Brainstorming and Planning  Al for Research and Insights  Al for Writing and Communicating  Al for Content Creation Al for Data Analysis  Al for App Building  Mar 30, 2026 Deno be Porgy  Nagabhush"
/workspaces/CERT/dump-/final_sorted_ocr/certificates/images/alor_brainstorming_and_1.png,/workspaces/CERT/dump-/final_sorted_ocr/certificates/images/alor_brainstorming_and.png,certificates,alor_brainstorming_and,"‘Alor brainstorming and Paneing  Alor Research and insights  Communicating  Alfor Data Analyse Alor App Buling  Mar 30, 2026  Nagabhushana Raju S  has successfully completed the online Professional Certificate  Google Al"
/workspaces/CERT/dump-/final_sorted_ocr/certificates/images/ay_azat_be_1.png,/workspaces/CERT/dump-/final_sorted_ocr/certificates/images/ay_azat_be.png,certificates,ay_azat_be,ay azat_| Be  CERTIFICATE  CONGRATULATIONS  Nagabhushana Raju S  for successfully registering on MY Bharat and taking a stride towards Viksit Bharat.  
/workspaces/CERT/dump-/final_sorted_ocr/certificates/images/certificate_of_participation_1.png,/workspaces/CERT/dump-/final_sorted_ocr/certificates/images/certificate_of_participation.png,certificates,certificate_of_participation,CERTIFICATE OF PARTICIPATION  Ministry of Youth Affairs & Sports  angnatulalions  NAGABHUSHANA RAJU S  for successfully participating in the  Online Quiz on  Bharat Budget Quest 2026  conducted on MYBharat  We appreciate
/workspaces/CERT/dump-/final_sorted_ocr/certificates/images/certificate_of_participation_2.png,/workspaces/CERT/dump-/final_sorted_ocr/certificates/images/certificate_of_participation_1.png,certificates,certificate_of_participation,CERTIFICATE OF PARTICIPATION  Ministry of Youth Affairs & Sports  Congratulations  NAGABHUSHANA RAJU S  for successfully participating in the  Online Quiz on  Know more about DFP!  conducted on MYBharat  We appreciate yo
/workspaces/CERT/dump-/final_sorted_ocr/certificates/images/course.png,/workspaces/CERT/dump-/final_sorted_ocr/certificates/images/coursera_certificate.png,certificates,coursera_certificate,"COURSE  coursera CERTIFICATE  Apr 7, 2026  Nagabhushana Raju S  has successfully completed  Summarize and Evaluate Ethical AI Insights  an online course authorized by Coursera and offered through Coursera  Coemeeeen.  Le"
/workspaces/CERT/dump-/final_sorted_ocr/certificates/images/course_2.png,/workspaces/CERT/dump-/final_sorted_ocr/certificates/images/oracle_certificate.png,certificates,oracle_certificate,"COURSE  ORACLE CERTIFICATE  Apr 12, 2026  Nagabhushana Raju S  has successfully completed  Oracle Autonomous Database Professional  an online course authorized by Oracle and offered through Coursera  Coemeeeen.  Kay Malc"
/workspaces/CERT/dump-/final_sorted_ocr/certificates/images/deep_course_1.png,/workspaces/CERT/dump-/final_sorted_ocr/certificates/images/deep_course.png,certificates,deep_course,"DEEP COURSE  e TEACHING CERTIFICATE SOLUTIONS  Apr 9, 2026  Nagabhushana Raju S  has successfully completed with honors  Learning How to Learn: Powerful mental tools to help you master tough subjects  an online course au"
/workspaces/CERT/dump-/final_sorted_ocr/certificates/images/department_of_cse_data_science_1.png,/workspaces/CERT/dump-/final_sorted_ocr/certificates/images/department_of_cse_data_science.png,certificates,department_of_cse_data_science,"DEPARTMENT OF CSE - DATA SCIENCE  ‘BELAWADI, NAGUVANAHALLI POST, SRIRANGAPATNA TALUK, MANOY-571477, KARNATAKA  @ MAHARAJA INSTITUTE OF TECHNOLOGY MYSORE  CERTIFICATE  This certificate is awarded to  NAGABPUSHANA RAT V .S"
/workspaces/CERT/dump-/final_sorted_ocr/certificates/images/excel_using_1.png,/workspaces/CERT/dump-/final_sorted_ocr/certificates/images/excel_using.png,certificates,excel_using,Excel Using 10M OfficeMaster Al Workshop  Certificate  ‘of Completion Awarded to  NAGABHUSHANA RAJU S  ‘on successful completion of Microsoft Excel Using Al workshop Holder of this certificate can  1+ Use 200+ Excel Form
/workspaces/CERT/dump-/final_sorted_ocr/certificates/images/hackthon_1_1.png,/workspaces/CERT/dump-/final_sorted_ocr/certificates/images/icate_of_participation.png,certificates,icate_of_participation,"©  icate of Participation  ‘Tri to covty hat Nagabhushana RajuS  trom Maharaja institute of Technology (MIT), Mysore  {5 Team 688639-URK436L7 has participated in Hack 4  Mysore organised by Maharaja Institute of Technolo"
/workspaces/CERT/dump-/final_sorted_ocr/certificates/images/infosys.png,/workspaces/CERT/dump-/final_sorted_ocr/resume/images/navigate_your_next.png,resume,navigate_your_next,"Infosys:  Navigate your next  COURSE COMPLETION CERTIFICATE  The certificate is awarded to Nagabhushana Raju S.  for successfully completing the course Getting Started with Managing Remote teams  on December 10, 2025  Co"
/workspaces/CERT/dump-/final_sorted_ocr/certificates/images/infosys_2.png,/workspaces/CERT/dump-/final_sorted_ocr/resume/images/navigate_your_next_1.png,resume,navigate_your_next,"Infosys  Navigate your next  COURSE COMPLETION CERTIFICATE  The certificate is awarded to  |Nagabhushana Raju S  for successfully completing the course Getting Started with Managing Remote teams  on December 10, 2025  Se"
/workspaces/CERT/dump-/final_sorted_ocr/certificates/images/ity_atria_o_o_sore_print_1.png,/workspaces/CERT/dump-/final_sorted_ocr/certificates/images/ity_atria_o_o_sore_print.png,certificates,ity_atria_o_o_sore_print,"ity, ATRIA €> O'O} SORE PRINT Hl INSTITUTE OF TECHNOLOGY Googie Developer Groups CLUB  Atria Institute of Technolog  CERTIFICATE  OF PARTICIPATION  This certificate is presented to:  This is to certify that Mr/Ms Nagabhu"
/workspaces/CERT/dump-/final_sorted_ocr/certificates/images/maharaja_institute_of_technology_mysore_1.png,/workspaces/CERT/dump-/final_sorted_ocr/others/images/maharaja_institute_of_technology_mysore.png,others,maharaja_institute_of_technology_mysore,"MAHARAJA INSTITUTE OF TECHNOLOGY MYSORE Affiliated to VTU Belagavi and Approved by AICTE Accredited by NBA and NAAC Belawadi village, Srirangapatna Taluk, Mandya -571477  C Cif fe of lick f;  This is to certify that Mr./"
/workspaces/CERT/dump-/final_sorted_ocr/certificates/images/maharaja_institute_of_technology_mysore_2.png,/workspaces/CERT/dump-/final_sorted_ocr/resume/images/maharaja_institute_of_technology_mysore.png,resume,maharaja_institute_of_technology_mysore,"MAHARAJA INSTITUTE OF TECHNOLOGY MYSORE Affiliated to VTU Belagavi and Approved by AICTE Accredited by NBA and NAAC Belawadi village, Srirangapatna Taluk, Mandya -571477  Contificate of Participation  This is to certify "
/workspaces/CERT/dump-/final_sorted_ocr/certificates/images/mandi_mehalis_1.png,/workspaces/CERT/dump-/final_sorted_ocr/resume/images/mandi_mehalis.png,resume,mandi_mehalis,Mandi-Mehalis Mysur-$70001  eaceaaaaa  Nagabhushanaraju2003 @gmailcom  wr inkesin com/i- nagabhushanaraju:  hetyoups//thub.com/Git Hub-Codes  Nagabhushana Raju S  Objective an explorer who enjoys discovering new ideas an
/workspaces/CERT/dump-/final_sorted_ocr/certificates/images/my_specializations_1.png,/workspaces/CERT/dump-/final_sorted_ocr/others/images/my_specializations.png,others,my_specializations,My Specializations  =] cowee a 9] ewe  My Courses Fy] The entrepreneurs guide for beginners  rade Achieved: 97.50%  )  AltorApp Building  Googe ‘rade Achieved: 100%  AP  =) cose ‘rade Achieved: 200%  incamentale  ‘A for 
/workspaces/CERT/dump-/final_sorted_ocr/certificates/images/ol_1.png,/workspaces/CERT/dump-/final_sorted_ocr/certificates/images/universitat_ceeeheate.png,certificates,universitat_ceeeheate,"ol  UNIVERSITAT»: ceeeHeate  BARCELONA  Jan 30, 2026  Nagabhushana Raju S  has successfully completed  The entrepreneur's guide for beginners  an online course authorized by Universitat de Barcelona and offered through C"
/workspaces/CERT/dump-/final_sorted_ocr/certificates/images/politecnico_course_1.png,/workspaces/CERT/dump-/final_sorted_ocr/certificates/images/politecnico_course.png,certificates,politecnico_course,"POLITECNICO COURSE = MILANO 1863 CERTIFICATE  YS g . Trays  Apr 12, 2026  Nagabhushana Raju S  has successfully completed  Being a researcher (in Information Science and Technology)  an online course authorized by Polite"
/workspaces/CERT/dump-/final_sorted_ocr/certificates/images/q_ee_expertpedia_i_1.png,/workspaces/CERT/dump-/final_sorted_ocr/internships/images/q_ee_expertpedia_i.png,internships,q_ee_expertpedia_i,Q- EE] ExpertPedia i] CERTIFICATE  COMPLETION OF VISVESVARAYA TECHNOLOGICAL UNIVERSITY FINAL YEAR INTERNSHIP THROUGH BHARAT UNNATI Al FELLOWSHIP  This TECHLEAP WITH EXPERTPEDIA certificate is proudly awarded to  In recog
/workspaces/CERT/dump-/final_sorted_ocr/certificates/images/remarkskill_ny_oo_ela_1.png,/workspaces/CERT/dump-/final_sorted_ocr/resume/images/remarkskill_ny_oo_ela.png,resume,remarkskill_ny_oo_ela,Remarkskill NY oo ela Education 7 qvis! jen  Certificate of Workshop Completion  Proudly Presented to  Nagabhushana Raju S  Successfully completed Remark Skill Technical Workshop on Data Science in Association with Elan 
/workspaces/CERT/dump-/final_sorted_ocr/certificates/images/remarkskill_ny_to_elai_1.png,/workspaces/CERT/dump-/final_sorted_ocr/resume/images/remarkskill_ny_to_elai.png,resume,remarkskill_ny_to_elai,Remarkskill NY to elai Education I avis! jon  Certificate of Workshop Completion  Proudly Presented to  Nagabhushana Raju S  Successfully completed Remark Skill Technical Workshop on Data Science in Association with Elan
/workspaces/CERT/dump-/final_sorted_ocr/certificates/images/ress_qed_teanmes_1.png,/workspaces/CERT/dump-/final_sorted_ocr/resume/images/ress_qed_teanmes.png,resume,ress_qed_teanmes,"ress Qed Teanmes  CERTIFICATE OF ACHIEVEMENT  This is to certify that NAGABUSHANA RAJU S  has successfully completed the training on  AI & DATA SCIENCE APPLICATIONS  including all hands-on labs, projects & learning mater"
/workspaces/CERT/dump-/final_sorted_ocr/certificates/images/stop_0_1.png,/workspaces/CERT/dump-/final_sorted_ocr/certificates/images/stop_0.png,certificates,stop_0,"@stop © (0)  Certificate of Participation  This is to certify that Nagabhushana RajuS  from Maharaja Institute of Technology (MIT), Mysore  as Team 688639-URK436L7 has participated in Hack 4  Mysore organised by Maharaja"
/workspaces/CERT/dump-/final_sorted_ocr/certificates/images/tech_tip_24_1.png,/workspaces/CERT/dump-/final_sorted_ocr/certificates/images/tech_tip_24.png,certificates,tech_tip_24,TECH TIP 24  TS sep to ne Future  CERTIFICATE of PARTICIPATION  This Certificate Is Proudly Presented To  Nagabhushanaraju S  For Successfully Completing 4 Hours of Data Analytics Using POWER Bl Workshop with END - TO - 
/workspaces/CERT/dump-/final_sorted_ocr/certificates/images/tejaspro_rn_trainings_1.png,/workspaces/CERT/dump-/final_sorted_ocr/resume/images/tejaspro_rn_trainings.png,resume,tejaspro_rn_trainings,"TEJASPRO rN TRAININGS  CERTIFICATE OF ACHIEVEMENT  This is to certify that NAGABUSHANA RAJU S has successfully completed the training on  AI & DATA SCIENCE APPLICATIONS  including all hands-on labs, projects & learning m"
/workspaces/CERT/dump-/final_sorted_ocr/certificates/images/think_it_1.png,/workspaces/CERT/dump-/final_sorted_ocr/certificates/images/think_it.png,certificates,think_it,THINK IT omer  HACK FUSION  GERTIFICATE  OF COORDINATION  THIS CERTIFICATE IS PRESENTED TO  4)3q09  hushana R Raj  In recognition of their invaluable contribution and dedicated service as a Coordinator for Hack Fusion 1.
/workspaces/CERT/dump-/final_sorted_ocr/internships/images/nagabhushanarajus_pdf_q_1.png,/workspaces/CERT/dump-/final_sorted_ocr/resume/images/nagabhushanarajus_pdf_q.png,resume,nagabhushanarajus_pdf_q,"< NagabhushanaRajuS.pdf Q &  GYAANKOOL RESEARCH LABS PRIVATE LIMITED  Al SOFTWARE AND HARDWARE SOLUTIONS  EMPOWERING COMMUNITIES , REDEFINING POSSIBILITIES CIN :U62090KA2025PTC20451  TO WHOM SO EVER IT MAY CONCERN  This "
/workspaces/CERT/dump-/final_sorted_ocr/others/images/and_1.png,/workspaces/CERT/dump-/final_sorted_ocr/others/images/this_is_to_certify_that_nag.png,others,this_is_to_certify_that_nag,"and rhe  studied  The  This is to certify that Nag Delhi Public School for rade V to VIII in ours:  miother/ca  his bove details are true  Beth! Public School  Sy. No.113/1. Bhugathgelli Varuna Hobii,  Off. Mysore-Bannu "
/workspaces/CERT/dump-/final_sorted_ocr/others/images/chatoet_chatgpt_prompt_engineering_for_developers_1.png,/workspaces/CERT/dump-/final_sorted_ocr/others/images/chatoet_chatgpt_prompt_engineering_for_developers.png,others,chatoet_chatgpt_prompt_engineering_for_developers,"[chatoet ChatGPT Prompt Engineering for Developers ERE, DeepLeamingAl  Developers,  ha @ Completed on March 31, 2026  "
/workspaces/CERT/dump-/final_sorted_ocr/others/images/er_1.png,/workspaces/CERT/dump-/final_sorted_ocr/others/images/ate_of_beofieteney.png,others,ate_of_beofieteney,"er  ate of Beofieteney  %,  "
/workspaces/CERT/dump-/final_sorted_ocr/others/images/iiii_1_1.png,/workspaces/CERT/dump-/final_sorted_ocr/others/images/iiii_1_1.png,others,iiii_1_1,
/workspaces/CERT/dump-/final_sorted_ocr/others/images/img_20260305_wa0046_1.png,/workspaces/CERT/dump-/final_sorted_ocr/others/images/img_20260305_wa0046_1.png,others,img_20260305_wa0046_1,
/workspaces/CERT/dump-/final_sorted_ocr/others/images/vuayavittala_vidyashala_1.png,/workspaces/CERT/dump-/final_sorted_ocr/others/images/vuayavittala_vidyashala.png,others,vuayavittala_vidyashala,VUAYAVITTALA VIDYASHALA SARASWATHI PURAM. MYSORE-570009. STUDY CERTIEFICA’ This Is to certify that Sri / Kum SLAGAR RA USMOnVs. s/o -pso SAwAMys has studied from Standard to = . Standard in cur Institution from vans  The
/workspaces/CERT/dump-/final_sorted_ocr/resume/images/and_delete_transactions_persistent_data_storage_1.png,/workspaces/CERT/dump-/final_sorted_ocr/resume/images/and_delete_transactions_persistent_data_storage_using_localstorage.png,resume,and_delete_transactions_persistent_data_storage_using_localstorage,"and delete transactions Persistent data storage using localStorage or integrated with backend/database Mobile-friendly, responsive design  — Real-Time Sign Language Interpreter with Multi-Modal AI Perception {Facial & Ju"
/workspaces/CERT/dump-/final_sorted_ocr/resume/images/mini_projects_1.png,/workspaces/CERT/dump-/final_sorted_ocr/resume/images/mini_projects.png,resume,mini_projects,"MINI PROJECTS  v Expense Tracker Web App | Mar 2025 — Apr 2025 | My Laptop  I built a responsive web app for real-time income and expense management, featuring interactive data visualization and persistent local storage."
/workspaces/CERT/dump-/final_sorted_ocr/resume/images/nagabhushana_raju_s.png,/workspaces/CERT/dump-/final_sorted_ocr/resume/images/nagabhushana_raju_s.png,resume,nagabhushana_raju_s,"Nagabhushana Raju S  Career Objective: To be able to utilize the technical knowledge gained, in a responsible and proper manner resulting in value addition to the organization and to reach the apex of my career in the pr"
/workspaces/CERT/dump-/final_sorted_ocr/resume/images/nagabhushana_raju_s_2.png,/workspaces/CERT/dump-/final_sorted_ocr/resume/images/nagabhushana_raju_s_1.png,resume,nagabhushana_raju_s,NAGABHUSHANA RAJU S  “Turning Data & AI into Real-World Innovation with an Entrepreneurial Mindset”- | MAHARAJA INSTITUTE OF TECHNOLOGY MYSORE +91 6366434441 | nagabhushanaraju2003@gmail.com | LinkedIn | GitHub  Professi
/workspaces/CERT/dump-/final_sorted_ocr/resume/images/nagabhushana_raju_s_3.png,/workspaces/CERT/dump-/final_sorted_ocr/resume/images/nagabhushana_raju_s_2.png,resume,nagabhushana_raju_s,"NAGABHUSHANA RAJU S  Data Science & Ai Engineer | Adv Prompt Engineer | Project Manager | Vibe Coder  ""Turning Data & Al into Real-World Innovation with an Entrepreneurial Mindset""  ( J Contact Information-  nagabhushana"
/workspaces/CERT/dump-/final_sorted_ocr/resume/images/nagabhushana_raju_s_resume_pdf_official_1.png,/workspaces/CERT/dump-/final_sorted_ocr/resume/images/nagabhushana_raju_s_resume_pdf_official_1.png,resume,nagabhushana_raju_s_resume_pdf_official_1,
/workspaces/CERT/dump-/final_sorted_ocr/resume/images/q_specialized_skills_1.png,/workspaces/CERT/dump-/final_sorted_ocr/internships/images/q_specialized_skills.png,internships,q_specialized_skills,"Q Specialized Skills  Prompt Engineering: Advanced prompt scripting, leveraging latest LLMs & Agents, AI tools Performance: Parallel Programming (OpenMP), GPU leveraging  Networking: Computer Networks & Protocols  Q Tool"
/workspaces/CERT/dump-/final_sorted_ocr/resume/images/real_time_sign_language_interpreter_with_1.png,/workspaces/CERT/dump-/final_sorted_ocr/resume/images/real_time_sign_language_interpreter_with_multi_modal.png,resume,real_time_sign_language_interpreter_with_multi_modal,Real-Time Sign Language Interpreter with Multi-Modal Al Perception  * Learning Never Stops * Jun 2024~ Feb 2025  Streamed results to a Javascript frontend with dynamic UI overlays and modular architecture.  Additional Mi
/workspaces/CERT/dump-/final_sorted_ocr/resume/images/study_certificate_1.png,/workspaces/CERT/dump-/final_sorted_ocr/resume/images/study_certificate.png,resume,study_certificate,«Study Certificate > -eMARKSCARDS >  oth  nistPUC  2nd PUC  «Certifications only few Icould find they listed below> Resume > 
/workspaces/CERT/dump-/final_sorted_ocr/resume/images/technical_skills_1.png,/workspaces/CERT/dump-/final_sorted_ocr/resume/images/technical_skills.png,resume,technical_skills,"TECHNICAL SKILLS  Languages Python, Java, C, HTML, CSS, JS  Data & Al  Machine Learning Algorithms, EDA, ADA, Advanced prompt scripting  Tools  Power BI, Tableau, Excel, MySQL, MongoDB, Docker, Git, GitHub, MS Office Sui"
/workspaces/CERT/dump-/final_sorted_ocr/resume/images/title_computer_applications_programming_in_c_1.png,/workspaces/CERT/dump-/final_sorted_ocr/internships/images/title_computer_applications_programming_in_c_indian_institute.png,internships,title_computer_applications_programming_in_c_indian_institute,"Title: Computer Applications & Programming in C — Indian Institute of Computer Tech- nology (IICT) — Guru Raghavendra Computer Training Center, Mysore  Mysore, India « Successfully completed training in Computer Concepts"
